<?xml version="1.0"?>
<doc>
    <assembly>
        <name>SpatialiteSharp</name>
    </assembly>
    <members>
        <member name="T:SpatialiteSharp.SpatialiteLoader">
            <summary>
            Provides a method to load spatialite into a given connection
            </summary>
        </member>
        <member name="M:SpatialiteSharp.SpatialiteLoader.Load(System.Data.SQLite.SQLiteConnection)">
            <summary>
            Loads mod_spatialite.dll on the given connection
            </summary>
        </member>
    </members>
</doc>
